SongID,Title,Artist,Beg. Tonic,Beg. Mode,Beg. Meter,Meter Change?,Tonic Change?,Mode Change?
0134,I Had Too Much To Dream,Electric Prunes,D,minor,4/4,1,1
0329,Smoking Gun,The Robert Cray Band,E,minor,4/4,1,1
1140,Oh Father,Madonna,F,major,4/4,1,1
0834,Good Morning Starshine,Oliver,Bb,ambiguous,4/4,1,1
0837,Sweet Love,Anita Baker,Bb,minor,4/4,1,1
1268,Frankenstein,Edgar Winter,G,minor,4/4,1,1
0831,Sexy Eyes ,Dr. Hook,C,major,4/4,1,1
0830,Trying To Live My Life Without You,Bob Seger & The Silver Bullet Band,D,major,4/4,1,1
0833,You Can Call Me Al,Paul Simon,F,major,4/4,1,1
0832,Through The Years,Kenny Rogers,G,major,4/4,1,1
1146,"Abraham, Martin And John",Dion,E,major,4/4,1,1
0839,When Will I Be Loved,Linda Ronstadt,E,major,4/4,1,1
0838,Surfin' Safari,The Beach Boys,A,major,4/4,1,1
0131,I wouldn't Have Missed it For The World,Ronnie Milsap,G,major,4/4,1,1
0545,Redneck Friend,Jackson Browne,E,major,4/4,1,1
0547,Almost by Being In Love,Michael Johnson,Eb,minor,4/4,1,1
0546,Disco Inferno,The Trammps,C,ambiguous,4/4,1,1
0540,With You I'm Born Again,Billy Preston,D,minor,3/4,1,1
0543,If I Can Dream,Elvis Presley,C,major,12/8,1,1
0429,Put Your Hand In The Hand,Ocean,E,ambiguous,4/4,1,1
0426,I m Goin Down,Bruce Springsteen,A,major,4/4,1,1
0427,Bluebirds Over The Mountain,The Beach Boys,A,major,4/4,1,1
0425,See See Rider,LaVern Baker,Db,ambiguous,4/4,1,1
0549,Double Shot (Of My Baby's Love),Swingin' Medallions,Ab,ambiguous,4/4,1,1
0932,Treat Her Like A Lady,Cornelius Brothers & Sister Rose,F#,major,4/4,1,1
0421,Pinball Wizard,The Who,D,major,4/4,1,1
0035,Jimi Hendrix,Freedom,C,ambiguous,4/4,1,1
0996,I Want To Take You Higher,Ike & Tina Turner,Ab,minor,4/4,1,1
1261,El Condor Pasa,Simon & Garfunkel,E,minor,4/4,1,1
0618,Everybody Loves Somebody,Dean Martin,Eb,major,4/4,1,1
1260,"Right Here, Right Now",Jesus Jones,D,major,4/4,1,1
1266,Honky Tonk Women,The Rolling Stones,G,ambiguous,4/4,1,1
0759,Foggy Mountain Breakdown,Flatt & Scruggs,Ab,major,4/4,1,1
0033,Crazy On You,Heart,A,minor,4/4,0,0,0,0,0,0,0,0,0,0,0,0,0,0,0,0,0,0,0,0,0,0,0,0,0,0,0,0,0,0,0,0,0,0,0,0,0,0,0,0,0,0,0,0,0,0,0,0,0,0,0,0,0,0,0,0,0,0,0,0,0,0,0,0,0,0,0,0,0,0,0,0,0,0,0,0,0,0,0,0,0,0,0,0,0,0,0,0,0,0,0,0,0,0,0,0,0,0,0,0,0,0,0,0,0,0,0,0,0,0,0,0,0,0,0,0,0,0,0,0,0,0,0,0,0,0,0,0,0,0,0,0,0,0,0,0,0,0,0,0,0,0,0,0,0,0,0,0,0,0,0,0,0,0,0,0,0,0,0,0,0,0,0,0,0,0,0,0,0,0,0,0,0,0,0,0,0,0,0,0,0,0,0,0,0,0,0,0,0,0,0,0,0,0,0,0,0,0,0,0,0,0,0,0,0,0,0,0,0,0,0,0,0,0,0,0,0,0,0,0,0,0,0,0,0,0,0,0,0,0,0,0,0,0,0,0,0,0,0,0,0,0,0,0,0,0,0,0,0,0,0,0
1069,Must Of Got Lost ,The J. Geils Band,C,major,4/4,1,1
1068,Never Can Say Goodbye,Gloria Gaynor,C,major,4/4,1,1
0723,Maybe Tomorrow,Badfinger,A,major,4/4,1,1
0689,"The Anaheim, Azusa & Cucamonga Sewing Circle, Book Review And Timing Association",Jan & Dean ,D,major,4/4,1,1
0725,For The Good Times,Ray Price,Eb,major,4/4,1,1
0378,The Humpty Dance ,Digital Underground ,Eb,major,4/4,1,1
0727,Eight Days A Week,The Beatles,D,major,4/4,1,1
0726,Would It Make Any Difference To You,Etta James,Ab,major,12/8,1,1
0682,Brandy,Looking Glass,E,major,4/4,1,1
0728,Breaking Up Is Hard To Do,Neil Sedaka,B,major,4/4,1,1
1063,This Little Girl,Dion,Bb,major,4/4,1,1
1062,Tuff Enuff ,The Fabulous Thunderbirds,B,major,2/4,1,1
0687,Need You Tonight,INXS,C,ambiguous,4/4,1,1
1067,Hurts To Be In Love,Gino Vanelli,E,minor,4/4,1,1
0685,Silent Lucidity,Queensryche,G,major,4/4,1,1
0338,Through The Years,Kenny Rogers,G,major,4/4,1,1
0339,Deeper Shade Of Soul,Urban Dance Squad,D,ambiguous,4/4,1,1
0805,Just A Dream,Jimmy Clanton,G,major,12/8,1,1
0332,Waiting On A Friend,Rolling Stones,C,major,4/4,1,1
0330,Where Do You Wanna Go,The Fifth Dimension,G,major,4/4,1,1
0331,Jungle Boogie,Kool and the Gang,G,minor,4/4,1,1
0336,Your Love Has Lifted Me Higher,Rita Coolidge,Db,major,4/4,1,1
0334,Somebody s Watching Me,Rockwell,C#,ambiguous,4/4,1,1
0335,Do You Love Me,The Contours,F,major,4/4,1,1
0112,Letter Full of Tears,Gladys Knight & The Pips,E,major,4/4,1,1
1086,Don't Leave Me This Way,Thelma Houston,C,minor,4/4,1,1
0059,Is That All There Is,Peggy Lee,C,major,3/4,1,1
0111,Eight Miles High ,The Byrds,E,minor,4/4,1,1
0116,Let It Rain,Eric Clapton,D,major,4/4,1,1
1082,Take Me Down,Alabama,C,major,4/4,1,1
0114,Sunshine of Your Love,Cream,D,major,4/4,1,1
0115,Sweet Little Rock N' Roll,Chuck Berry,G,ambiguous,4/4,1,1
0053,Over The Hills and Far Away,Led Zeppelin,G,major,4/4,1,1
0372,Scarlet Fever,Kenny Rogers,D,major,4/4,1,1
0051,Carrie,Cliff Richard,D,minor,4/4,1,1
0050,Love Me Do,Beatles,G,major,4/4,1,1
1124,Carry Me,"David Crosby,Graham Nash",E,major,4/4,1,1
0056,I Love You So,Bobbi Martin,Bb,ambiguous,4/4,1,1
0055,Smoking Gun,The Robert Cray Band,E,minor,4/4,1,1
0054,Last Kiss,J. Frank Wilson & The Cavaliers,E,ambiguous,4/4,1,1
0267,Worried Guy,Johnny Tillotson,G,major,4/4,1,1
0370,Kisses On The Wind,Neneh Cherry,D,ambiguous,4/4,1,1
0260,She's A Lady,Tom Jones,D,major,4/4,1,1
0803,True Colors,Cyndi Lauper,C,ambiguous,4/4,1,1
0071,Paradise by the Dashboard Light,Meatloaf,C,minor,4/4,1,1
0070,Hot Fun In The Summertime,Sly & The Family Stone,C,major,4/4,1,1
1104,What You See Is What You Get,Tina Turner,F,major,4/4,1,1
0206,Maybe I'm Amazed,Paul McCartney,D,major,4/4,1,1
0207,Back in the High Life Again,Steve Winwood,D,major,4/4,1,1
0204,I Want To Take You Higher,Ike & Tina Turner,Ab,minor,4/4,1,1
0205,Pressure,Billy Joel,D,minor,4/4,1,1
0202,Love Train,The O'Jays,C,major,4/4,1,1
0751,I'd Love To Change The World,Ten Years After,E,minor,4/4,1,1
0752,Levon,Elton John,F,major,4/4,1,1
1132,Those Lazy-Hazy-Crazy Days Of Summer,Nat King Cole,Bb,major,4/4,1,1
0615,Hot Child in the City,Nick Gilder,E,major,4/4,1,1
0614,I want to take you higher,Sly And The Family Stone,A,minor,4/4,1,1
0617,His Latest Flame,Elvis Presley,G,major,4/4,1,1
0616,Simon & Garfunkel,Mrs. Robinson,A,major,4/4,1,1
0758,Come Monday,Jimmy Buffett,A,major,4/4,1,1
0610,Rocket Ride ,Kiss,Eb,major,4/4,1,1
0208,Another Rainy Day in New York City,Chicago,A,ambiguous,4/4,1,1
0209,Already Gone,The Eagles,G,major,4/4,1,1
1234,Amanda,Boston,G,major,4/4,1,1
1235,For Ol' Times Sake,Elvis Presley,Bb,major,4/4,1,1
1237,Something About You,Level 42,E,major,4/4,1,1
0077,Reminiscing,Little River Band,D,major,4/4,1,1
1232,Heaven Must Have Sent You,Bonnie Pointer,C,ambiguous,4/4,1,1
0101,A Lesson in Leavin,Dottie West,B,ambiguous,4/4,1,1
1239,Will You Love Me Tomorrow,The Shirelles,C,major,4/4,1,1
0100,Maggie May,Rod Stewart,D,minor,6/4,1,1
0730,His Latest Flame,Elvis Presley,G,major,4/4,1,1
0102,For The Good Times,Ray Price,Eb,major,4/4,1,1
0089,Fire And Ice,Pat Benetar,C,ambiguous,4/4,1,1
0016,She Bop,Cyndi Lauper,A,minor,4/4,1,1
0542,Wake Me Up Before You Go-Go,Wham!,C,major,4/4,1,1
1240,Alive Again,Chicago,Bb,ambiguous,4/4,1,1
1242,Last Dance,Donna Summer,Eb,major,4/4,1,1
1245,Paper Roses,Marie Osmond,Ab,major,4/4,1,1
1244,Help!,The Beatles,A,ambiguous,4/4,1,1
1247,20-75,Willie Mitchell,C,ambiguous,4/4,1,1
0935,Cry Like A Baby,The Box Tops,D,major,4/4,1,1
1249,Rock'n Me,Steve Miller Band,B,major,4/4,1,1
1248,That's Old Fashioned (That's The Way Love Should Be),The Everly Brothers,G,major,4/4,1,1
0879,Walk This Way,Run-D.M.C.,E,ambiguous,4/4,1,1
0973,Little Too Late,Pat Benatar,E,ambiguous,4/4,1,1
0974,Kokomo (From The Cocktail Soundtrack),The Beach Boys,C,ambiguous,4/4,1,1
0978,The Look Of Love,Isaac Hayes,C#,minor,4/4,1,1
0979,Karma Chameleon,Culture Club,Bb,ambiguous,4/4,1,1
0873,The Battle Of New Orleans,Johnny Horton,A,major,4/4,0,0,0,0,0,0,0,0,0,0,0,0,0,0,0,0,0,0,0,0,0,0,0,0,0,0,0,0,0,0,0,0,0,0,0,0,0,0,0,0,0,0,0,0,0,0,0,0,0,0,0,0,0,0,0,0,0,0,0,0,0,0,0,0,0,0,0,0,0,0,0,0,0,0,0,0,0,0,0,0,0,0,0,0,0,0,0,0,0,0,0,0,0,0,0,0,0,0,0,0,0,0,0,0,0,0,0,0,0,0,0,0,0,0,0,0,0,0,0,0,0,0,0,0,0,0,0,0,0,0,0,0,0,0,0,0,0,0,0,0,0,0,0,0,0,0,0,0,0,0,0,0,0,0,0,0,0,0,0,0,0,0,0,0,0,0,0,0,0,0,0,0,0,0,0,0,0,0,0,0,0,0,0,0,0,0,0,0,0,0,0,0,0,0,0,0,0,0,0,0,0,0,0,0,0,0,0,0,0,0,0,0,0,0,0,0,0,0
0872,Secret Love,Freddy Fender,G,major,4/4,0,0,0,0,0,0,0,0,0,0,0,0,0,0,0,0,0,0,0,0,0,0,0,0,0,0,0,0,0,0,0,0,0,0,0,0,0,0,0,0,0,0,0,0,0,0,0,0,0,0,0,0,0,0,0,0,0,0,0,0,0,0,0,0,0,0,0,0,0,0,0,0,0,0,0,0,0,0,0,0,0,0,0,0,0,0,0,0,0,0,0,0,0,0,0,0,0,0,0,0,0,0,0,0,0,0,0,0,0,0,0,0,0,0,0,0,0,0,0,0,0,0,0,0,0,0,0,0,0,0,0,0,0,0,0,0,0,0,0,0,0,0,0,0,0,0,0,0,0,0,0,0,0,0,0,0
0875,She Thinks I Still Care,Elvis Presley,Bb,major,4/4,1,1
0874,Superman,Donna Fargo,B,major,4/4,1,1
0391,It's Your Thing,The Isley Brothers,F,ambiguous,4/4,1,1
0508,For Ol' Times Sake,Elvis Presley,Bb,major,4/4,1,1
0140,La Grange,ZZ Top,A,minor,4/4,1,1
0501,Last Dance,Donna Summer,Eb,major,4/4,1,1
0500,The Battle Of New Orleans,Johnny Horton,A,major,4/4,0,0,0,0,0,0,0,0,0,0,0,0,0,0,0,0,0,0,0,0,0,0,0,0,0,0,0,0,0,0,0,0,0,0,0,0,0,0,0,0,0,0,0,0,0,0,0,0,0,0,0,0,0,0,0,0,0,0,0,0,0,0,0,0,0,0,0,0,0,0,0,0,0,0,0,0,0,0,0,0,0,0,0,0,0,0,0,0,0,0,0,0,0,0,0,0,0,0,0,0,0,0,0,0,0,0,0,0,0,0,0,0,0,0,0,0,0,0,0,0,0,0,0,0,0,0,0,0,0,0,0,0,0,0,0,0,0,0,0,0,0,0,0,0,0,0,0,0,0,0,0,0,0,0,0,0,0,0,0,0,0,0,0,0,0,0,0,0,0,0,0,0,0,0,0,0,0,0,0,0,0,0,0,0,0,0,0,0,0,0,0,0,0,0,0,0,0,0,0,0,0,0,0,0,0,0,0,0,0,0,0,0,0,0,0,0,0,0
0503,Good Vibrations,Marky Mark & The Funky Bunch,Ab,minor,4/4,1,1
0502,I've Been Loving You Too Long (To Stop Now),Otis Redding,A,major,6/8,1,1
0504,The Joker ,Steve Miller Band,F,major,4/4,1,1
0507,Still,Commodores,Db,major,4/4,1,1
0506,After the Lovin',Engelbert Humperdinck,C,major,6/8,1,1
0634,Brass Monkey,Beastie Boys,A,ambiguous,4/4,1,1
0145,Runaround Sue,Dion,D,major,4/4,1,1
0147,Wheels ,The String-A-Longs,F,major,4/4,1,1
0480,Give It To Me Baby,Rick James,G,ambiguous,4/4,1,1
0481,"Baby, Baby Don't Cry",The Miracles,F,ambiguous,4/4,1,1
0482,I'm In Love,"Evelyn ""Champagne"" King",C,minor,4/4,1,1
0483,Right Place Wrong Time,Dr. John,Eb,ambiguous,4/4,1,1
0484,Heart in Hand,Brenda Lee,C,major,4/4,1,1
0485,Rich Girl,Hall and Oates,F,major,4/4,1,1
0250,Handy Man,Jimmy Jones,Bb,major,4/4,1,1
0148,Spirits In The Material World,The Police,A,ambiguous,4/4,1,1
0012,Lookin' for Love ,Johnny Lee,D,major,4/4,1,1
0475,Daydream Believer,Anne Murray,Bb,major,4/4,1,1
0474,Silver Threads And Golden Needles,The Cowsills,F,major,4/4,1,1
0477,Carrie-Anne,The Hollies,C,major,4/4,1,1
0476,I Adore Mi Amor,Color Me Badd,Eb,minor,4/4,1,1
0471,As Usual,Brenda Lee,Db,major,4/4,1,1
0809,On The Wings Of A Nightingale,The Everly Brothers,A,major,4/4,1,1
0473,Come Together,The Beatles,D,minor,4/4,1,1
0472,Sweet Music Man,Kenny Rogers,D,major,4/4,1,1
0804,September,"Earth, Wind & Fire",D,major,4/4,1,1
0377,I Can't Stand The Rain,Ann Peebles,Ab,ambiguous,4/4,1,1
0806,We're All Alone,Rita Coolidge,G,major,4/4,1,1
0807,You Took The Words Right Out Of My Mouth,Meat Loaf,G,major,4/4,1,1
0479,Wendy,The Beach Boys,F,major,4/4,1,1
0478,One Last Kiss,J. Geils Band,D,minor,4/4,1,1
0802,Theme From The Dukes Of Hazzard,Waylon Jennings,F,major,4/4,1,1
0371,Losing You,Brenda Lee,E,major,12/8,1,1
0578,Giving You the Best That I Got ,Anita Baker,A,ambiguous,4/4,1,1
0579,Heart Full of Soul,The Yardbirds,D,minor,4/4,1,1
0574,Along Comes A Woman,Chicago,D,ambiguous,4/4,1,1
0198,Along Comes A Woman,Chicago,D,ambiguous,4/4,1,1
0577,Let's work Together,Canned Heat,G,major,4/4,1,1
0570,Six Days On The Road,Dave Dudley,G,major,4/4,1,1
0571,Quarter To Three,Gary U.S. Bonds,Eb,ambiguous,4/4,1,1
0572,"Tarzan Boy (From ""Teenage Mutant Ninja Turtles III"")",Baltimora,F,major,4/4,1,1
0573,"Oh Me, Oh My (Dreams In My Arms)",Al Green,F,major,4/4,1,1
0395,Here Come Those Tears Again,Jackson Browne,Bb,major,4/4,1,1
0396,Fever,Peggy Lee,A,minor,4/4,1,1
0397,Kozmic Blues,Janis Joplin,A,minor,6/8,1,1
0390,Young Hearts Run Free,Candi Staton,Eb,ambiguous,4/4,1,1
0258,Don t Treat Me Bad,Firehouse,Ab,major,4/4,1,1
0393,Misunderstanding,Genesis,C,major,4/4,1,1
0254,Sanctify Yourself,Simple Minds,G,minor,4/4,1,1
0257,Shape Of Things To Come,Max Frost & The Troopers,F,minor,4/4,1,1
0256,Smokin' In The Boys Room,Brownsville station,D,ambiguous,4/4,1,1
0251,Theme From Electric Surfboard,Brother Jack McDuff,Bb,minor,4/4,1,1
0399,One Night,Elvis Presley,E,ambiguous,12/8,1,1
0253,Love Came To Me,Dion,G,major,4/4,1,1
0599,Hey Stoopid,Alice Cooper,C,ambiguous,4/4,1,1
0510,How Blue Can You Get,B.B. King,D,major,4/4,1,1
0199,Could I Have This Dance,Anne Murray,B,major,3/4,1,1
0651,It's Raining Men,The Weather Girls,F,minor,4/4,1,1
0650,Hello Dolly,Louis Armstrong,C,major,4/4,1,1
1052,Another Brick In The Wall (Part II),Pink Floyd,D,minor,4/4,1,1
1053,Heartbreaker,Pat Benatar,F,minor,4/4,1,1
1054,I Walk Alone,Marty Robbins,C,major,12/8,1,1
0654,Tainted Love,Soft Cell,G,ambiguous,4/4,1,1
1056,After The Love Has Gone,"Earth, Wind & Fire",F,major,4/4,1,1
0656,Years From Now,Dr. Hook,G,major,3/4,1,1
1058,Ain't No Sunshine,Bill Withers,A,minor,4/4,1,1
0658,Ask Me,Elvis Presley,D,major,12/8,1,1
1193,She's A Woman,The Beatles,Ab,major,4/4,1,1
1192,Standing In The Shadows Of Love,Four Tops,Bb,minor,4/4,1,1
1194,The Year That Clayton Delaney Died,Tom T. Hall,Db,major,4/4,1,1
1197,I Won't Stand In Your Way,Stray Cats,Eb,major,12/8,1,1
0896,California Nights,Leslie Gore,C,minor,4/4,1,1
0895,A Dream Goes On Forever,Todd Rundgren,G,major,4/4,1,1
0894,On And On And On,Abba,C,major,4/4,1,1
0893,War,Edwin Starr,Eb,ambiguous,4/4,1,1
0891,Happy Jack,The Who,D,major,4/4,1,1
0890,Let's Go Get Stoned,Ray Charles,Db,ambiguous,4/4,1,1
0711,Some Days Are Diamonds (Some Days Are Stone),John Denver,G,major,4/4,1,1
0713,Ko-Ko Joe,Jerry Reed,A,major,4/4,1,1
0716,Lady (You Bring Me Up),Commodores,C,minor,4/4,1,1
0898,I Can't Stand It,Eric Clapton,D,ambiguous,4/4,1,1
0022,Never My Love,The 5th Dimension,G,major,4/4,1,1
1279,Let The Music Play ,Shannon,C,minor,4/4,1,1
0021,Just Can't Wait,The J. Geils Band,G,major,4/4,1,1
1173,Live To Tell,Madonna,D,ambiguous,4/4,1,1
0027,Rock 'n' Roll Fantasy ,Bad Company,E,minor,6/4,1,1
1171,Night Moves,Bob Seger,Ab,major,4/4,1,1
1170,Summertime Blues,Blue Cheer,C,minor,4/4,1,1
1270,Lambada,Kaoma,D,minor,4/4,1,1
1271,The Rose,Bette Midler,C,ambiguous,4/4,1,1
1272,Sidewalk Surfin',Jan & Dean,D,major,4/4,1,1
0029,The Joker ,Steve Miller Band,F,major,4/4,1,1
1274,She Bop,Cyndi Lauper,A,minor,4/4,1,1
1276,Baby Don t Forget My Number,Milli Vanilli,Ab,minor,4/4,1,1
1178,I Want You Back,The Jacksons,Ab,major,4/4,1,1
0192,Unforgettable,Dinah Washington,F,major,12/8,1,1
0193,Shadow Dancing,Andy Gibb,G,minor,2/4,1,1
0655,Sunrise,Eric Carmen,Ab,ambiguous,4/4,1,1
0190,Never Can Say Goodbye,Gloria Gaynor,C,major,4/4,1,1
1055,My Wish Came True,Elvis Presley,D,major,4/4,1,1
1285,Upside Down,Diana Ross,G,minor,4/4,1,1
1287,Johnny Reb,Johnny Horton,E,major,4/4,1,1
0191,People Got To Be Free,The Rascals,F,major,4/4,1,1
1281,When It's Love,Van Halen,D,major,4/4,1,1
0657,In Your Soul,Corey Hart,A,major,4/4,1,1
1283,Standing In The Shadows Of Love,Four Tops,Bb,minor,4/4,1,1
1282,Crackerbox Palace,George Harrison,Bb,major,4/4,1,1
0664,Looking For A Love,The J. Geils Band,C,ambiguous,4/4,1,1
1289,There She Goes,The Las,G,major,4/4,1,1
0157,Sleep Walk,Santo & Johnny,Db,major,6/8,1,1
0154,Lonely Eyes,Robert John,F,ambiguous,4/4,1,1
0155,Forever Man,Eric Clapton,D,minor,4/4,1,1
0620,Twisting the Night Away,Rod Stewart,D,major,4/4,1,1
0153,Walk Right Back,The Everly Brothers,Db,major,4/4,1,1
0150,What's Love Got To Do With It,Tina Turner,G#,minor,4/4,1,1
1059,I've Been Everywhere,Hank Snow,Db,major,6/8,1,1
0097,Motown Philly ,Boyz II Men,D,ambiguous,4/4,1,1
0095,Drivin' Wheel,Foghat,D,major,4/4,1,1
0094,Wild Horses,Rolling Stones,G,major,4/4,1,1
0628,Hold On,Wilson Phillips,F,major,4/4,1,1
0092,Shock the Monkey,Peter Gabriel,D,minor,4/4,1,1
0158,Something About You,Level 42,E,major,4/4,1,1
0159,Little Sister,Elvis Presley ,E,major,4/4,1,1
1300,Where The Streets Have No Names,Pet Shop Boys,Bb,major,4/4,1,1
0249,Old Time Rock & Roll,Bob Seger,F#,major,4/4,1,1
0721,Help Is On The Way,Little River Band,B,major,4/4,1,1
0720,Rocky Mountain High,John Denver,E,major,4/4,1,1
0761,Walk Right In,Dr. Hook,D,ambiguous,4/4,1,1
0688,On The Road Again,Canned Heat,E,ambiguous,4/4,1,1
0841,Born To Be Wild,Steppenwolf,E,major,4/4,1,1
0842,Goodbye Yellow Brick Road,Elton John,F,major,4/4,1,1
0843,If I Could Turn Back Time,Cher,B,major,4/4,1,1
0844,Burning Down The House,Talking Heads,D,minor,4/4,1,1
0845,I Got My Mind Set On You,George Harrison,E,ambiguous,4/4,1,1
0846,Dance Away,Roxy,Eb,ambiguous,4/4,1,1
0847,Sweet Surrender,Bread,A,major,4/4,1,1
0848,"Liar, Liar",The Castaways,C,ambiguous,4/4,1,1
0849,Do You Love Me,The Contours,F,major,4/4,1,1
0439,Ruby Baby,Dion,E,major,4/4,1,1
0531,Running Up That Hill,Kate Bush,C,minor,4/4,1,1
0533,Baby You're Right,James Brown,D,major,4/4,1,1
0929,Dirty Water,Rock And Hyde,G,major,4/4,1,1
0537,Indiana Wants Me,R Dean Tayloy,Ab,major,4/4,1,1
0927,"Out Of Sight, Out Of Mind",Little Anthony & The Imperials,Ab,major,4/4,1,1
0430,I Want a New Drug,Huey Lewis & The News,A,ambiguous,4/4,1,1
0433,If I Could Reach You,The 5th Dimension,Bb,major,4/4,1,1
0432,One Bad Apple,The Osmonds,C,major,4/4,1,1
0923,Judy,Elvis Presley,G,major,4/4,1,1
0434,Where Or When,Dion,Ab,major,4/4,1,1
0920,Hot In The City,Billy Idol,C,major,4/4,1,1
0729,Pretty In Pink,Psychedelic Furs,D,major,4/4,1,1
0683,That Girl,Stevie Wonder,Ab,minor,4/4,1,1
0680,Years Ago,George Harrison,D,major,4/4,1,1
1177,Against The Wind,Bob Seger,G,major,4/4,1,1
0681,With Or Without You ,U2,D,major,4/4,1,1
0023,And She Was,Talking Heads,E,major,4/4,1,1
0463,Seasons Of The Heart,John Denver,C,major,4/4,1,1
1064,Sad Eyes,Robert John,C,major,4/4,1,1
0695,Boulevard,Jackson Browne,A,major,4/4,1,1
0696,Too Many Rivers,Brenda Lee,Bb,major,4/4,1,1
0691,Tell It Like It Is,The Neville Brothers,E,ambiguous,12/8,1,1
0690,Queen Of Hearts,Juice Newton,D,major,4/4,1,1
0692,Fever,Rita Coolidge,A,minor,4/4,1,1
0026,Swing Talkin' Guy,Chiffons,B,major,4/4,1,1
1066,My Hometown,Bruce Springsteen,A,major,4/4,1,1
0699,Heartaches,Bachman-Turner Overdrive,E,ambiguous,4/4,1,1
0698,People Get Ready,Jeff Beck,D,major,4/4,1,1
0325,Let Me Get To Know You,Paul Anka,E,minor,4/4,1,1
0324,When Will I Be Loved,Linda Ronstadt,E,major,4/4,1,1
0326,My Boy,Elvis Presley,D,major,4/4,1,1
0320,Floy Joy,The Supremes,F,ambiguous,4/4,1,1
0288,As Usual,Brenda Lee,Db,major,4/4,1,1
0289,Guitar Man,Elvis Presley,Db,major,4/4,1,1
0284,These Boots Are Made For Walkin',Nancy Sinatra,F,major,4/4,1,1
0025,Chicago ,Graham Nash,A,minor,4/4,1,1
0282,Gotta Serve Somebody,Bob Dylan,A,minor,4/4,1,1
0280,It Takes Two,Marvin Gaye & Kim Weston,Bb,major,4/4,1,1
0281,There's the Girl,Heart,B,minor,4/4,1,1
0992,Nightshift,The Commodores,Ab,ambiguous,4/4,1,1
0993,There Goes My Everything,Elvis Presley,Ab,major,3/4,1,1
0990,Shapes Of Things,The Yardbirds,G,minor,4/4,1,1
0991,The Bitch Is Back,Elton John,Ab,ambiguous,4/4,1,1
0448,Jump (for My Love),The Pointer Sisters,A,major,4/4,1,1
0743,One Way or Another,Blondie,D,major,4/4,1,1
0995,Gloria,Laura Branigan,A,major,4/4,1,1
0444,I Really Don't Want To Know,Elvis Presley,C,major,3/4,1,1
0445,Old Days,Chicago,C,major,4/4,1,1
0446,Back Home Again,John Denver,E,major,4/4,1,1
0999,Hocus Pocus,Focus,A,minor,4/4,1,1
0442,World In My Eyes,Depeche Mode,Eb,minor,4/4,1,1
0443,Better Things,The Kinks,D,major,4/4,1,1
0264,Dandelion,Rolling Stones,Bb,major,4/4,1,1
0265,(Last Night) I Didn't Get To Sleep At All,The 5th Dimension,Ab,major,4/4,1,1
1139,Are You Sure Hank Done It This Way,Waylon Jennings,B,major,4/4,1,1
1138,Torn Between Two Lovers,Mary MacGregor,Bb,major,4/4,1,1
0109,Ma belle amie,The tee set,G,major,4/4,1,1
0261,In-A-Gadda-Da-Vida,Iron Butterfly,D,minor,4/4,1,1
0263,Last Kiss,Wednesday,E,major,4/4,1,1
0105,The Spirit of Radio,Rush,E,ambiguous,4/4,1,1
0104,We Two,Little River Band,A,ambiguous,4/4,1,1
0107,Sweet Home Alabama,Lynyrd Skynyrd,G,major,4/4,1,1
0106,If,Bread,A,major,4/4,1,1
0268,Time For Me To Fly,REO Speedwagon,D,major,4/4,1,1
0269,Money,Pink Floyd,B,minor,7/4,1,1
1135,Loving Her Was Easier,Kris Kristofferson,C,major,4/4,1,1
1134,Mighty Good Lovin',The Miracles,Eb,minor,4/4,1,1
1277,American Storm,Bob Seger,A,major,4/4,1,1
0044,Some Like It Hot,The Power Station,E,ambiguous,4/4,1,1
0194,Willie And The Hand Jive,Eric Clapton,A,major,4/4,1,1
0782,Because I Love You,Stevie B,Db,major,4/4,1,1
0668,Big Yellow Taxi,Joni Mitchell,D,major,4/4,1,1
0210,She's A Lady,Tom Jones,D,major,4/4,1,1
0213,Comin' Home Baby,Mel Torme,G,ambiguous,4/4,1,1
0212,It's Gonna Work Out Fine,Ike & Tina Turner,C,major,4/4,1,1
0215,Magic Man,Heart,G,ambiguous,4/4,1,1
0742,The Power,Snap,B,ambiguous,4/4,1,1
1009,The Millionaire,Dr. Hook,Eb,major,4/4,1,1
0216,Do your thing,Isaac Hayes,F,minor,4/4,1,1
0660,There's the Girl,Heart,B,minor,4/4,1,1
0218,Fernando,Abba,A,major,4/4,1,1
0662,Looking For A Love,The J. Geils Band,C,ambiguous,4/4,1,1
0663,He's so shy,Pointer Sisters,C,minor,4/4,1,1
1003,Baby Come Back,Player,Eb,major,4/4,1,1
1002,Freeze-Frame,J. Geils Band,C,major,4/4,0,0,0,0,0,0,0,0,0,0,0,0,0,0,0,0,0,0,0,0,0,0,0,0,0,0,0,0,0,0,0,0,0,0,0,0,0,0,0,0,0,0,0,0,0,0,0,0,0,0,0,0,0,0,0,0,0,0,0,0,0,0,0,0,0,0,0,0,0,0,0,0,0,0,0,0,0,0,0,0,0,0,0,0,0,0,0,0,0,0,0,0,0,0,0,0,0,0,0,0,0,0,0,0,0,0,0,0,0,0,0,0,0,0,0,0,0,0,0,0,0,0,0,0,0,0,0,0,0,0,0,0,0,0,0,0,0,0,0,0,0,0,0,0,0,0,0,0,0,0,0,0,0,0,0,0,0,0,0,0,0,0,0,0,0,0,0,0,0,0,0,0,0,0,0,0,0,0,0,0,0,0,0,0,0,0,0,0,0,0,0,0,0,0,0,0,0,0,0,0,0,0,0,0,0,0,0,0,0,0,0,0,0,0,0,0,0,0,0,0,0,0,0,0,0,0,0,0,0,0,0,0,0,0,0,0,0,0,0,0,0,0,0,0,0,0,0,0,0,0,0,0,0,0,0,0,0,0,0,0,0,0,0,0,0,0,0,0,0,0,0,0,0,0,0,0,0,0,0,0,0,0,0,0,0,0,0,0,0,0,0,0,0,0,0,0,0,0,0,0,0,0,0,0,0,0,0,0,0,0,0,0,0,0,0,0,0,0,0,0,0,0,0,0
0749,Dyer Maker,Led Zepplin,C,ambiguous,4/4,1,1
0195,Schoool's out,Alice Cooper,F#,major,4/4,1,1
1227,Chicago,25 or 6 to 4,A,minor,4/4,1,1
1226,All she wants is,Duran Duran,D,ambiguous,4/4,1,1
1225,I've Got A Tiger By The Tail,Buck Owens,E,ambiguous,4/4,1,1
1223,I'll Tumble 4 Ya,Culture Club,C,major,4/4,0,0,0,0,0,0,0,0,0,0,0,0,0,0,0,0,0,0,0,0,0,0,0,0,0,0,0,0,0,0,0,0,0,0,0,0,0,0,0,0,0,0,0,0,0,0,0,0,0,0,0,0,0,0,0,0,0,0,0,0,0,0,0,0,0,0,0,0,0,0,0,0,0,0,0,0,0,0,0,0,0,0,0,0,0,0,0,0,0,0,0,0,0,0,0,0,0,0,0,0,0,0,0,0,0,0,0,0,0,0,0,0,0,0,0,0,0,0,0,0,0,0,0,0,0,0,0,0,0,0,0,0,0,0,0,0
1222,Carrie,Cliff Richard,D,minor,4/4,1,1
1221,I'm In Love,Wilson Pickett,E,major,4/4,1,1
1220,Get Ready,Rare Earth,D,major,4/4,1,1
1085,Make Me Smile,Chicago,Eb,ambiguous,4/4,1,1
1229,You've got a Friend,Roberta Flack and Donny Hathaway,Ab,major,4/4,1,1
1228,Saturday Night,Bay City Rollers,G,ambiguous,4/4,1,1
1084,All Through The Night,Cyndi Lauper,Ab,major,4/4,1,1
0812,Super Freak Part One,Rick James,A,minor,4/4,1,1
0468,Ain't Too Proud To Beg,The Temptations,C,major,4/4,1,1
0066,Do You Love Me,The Contours,F,major,4/4,1,1
0067,Bongo Stomp,Little Joey & The Flips,Eb,major,4/4,1,1
0064,Cry Softly Lonely One,Roy Orbison,G,major,4/4,1,1
0469,In Your Soul,Corey Hart,A,major,4/4,1,1
0062,Hurts To Be In Love,Gino Vanelli,E,minor,4/4,1,1
0061,I Put A Spell On You,Creedence Clearwater Revival,E,minor,12/8,1,1
0068,Black Cars,Gino Vannelli,E,major,4/4,1,1
0119,Stand By Me,"David Ruffin, Jimmy Ruffin",G,major,4/4,1,1
0539,Stop This Game,Cheap Trick,E,major,4/4,1,1
1125,Treat Her Right,Roy Head,G,ambiguous,4/4,1,1
0963,The Stroke,Billy Squier,D,ambiguous,4/4,1,1
0961,Take A Chance On Me,Abba,B,ambiguous,4/4,1,1
1286,Sukiyaki,A Taste Of Honey,Eb,major,4/4,1,1
0967,Breezin',George Benson,D,major,4/4,1,1
1089,Who Will You Run To ,Heart,A,major,4/4,1,1
0965,Sweet Soul Music,Arthur Conley,C,major,4/4,1,1
0964,Hello Hello,The Sopwith Camel,C,ambiguous,2/4,1,1
0969,Don't Ask Me Why,Billy Joel,Bb,major,4/4,1,1
0968,Coming On Strong,Brenda Lee,C,major,4/4,1,1
1280,Treat Her Like A Lady,Cornelius Brothers & Sister Rose,F#,major,4/4,1,1
0418,Chain Of Fools,Aretha Franklin,C,major,4/4,1,1
0492,Don't stand so close to me,Police,Eb,major,4/4,1,1
0490,My Thang,James Brown,F,minor,4/4,1,1
0497,City In The Sky,The Staple Singers,D,minor,4/4,1,1
0169,Don Gibson,Sea of Heartbreak ,G,major,4/4,1,1
0494,I Don't Need You,Kenny Rogers,Db,major,4/4,1,1
0790,Everybody Loves Me but You,Brenda Lee,G,major,12/8,1,1
0791,Hungry Eyes ,Eric Carmen,F,ambiguous,4/4,1,1
0792,Almost Grown,Chuck Berry,G,major,4/4,1,1
0241,White Christmas,Bing Crosby,A,major,4/4,1,1
0794,Catch My Fall,Billy Idol,G,ambiguous,4/4,1,1
0795,I Want You,Marvin Gaye,C#,minor,4/4,1,1
0796,"You're The First, The Last, My Everything",Barry White,F,ambiguous,4/4,1,1
0797,I Don't Love You Anymore,Teddy Pendergrass,G,ambiguous,4/4,1,1
0798,Straight From The Heart,The Allman Brothers,A,major,4/4,1,1
0400,Woman To Woman,Shirley Brown,Eb,major,4/4,1,1
0401,The Goonies `R Good Enough ,Cyndi Lauper,E,major,4/4,1,1
0402,Last Kiss,J. Frank Wilson & The Cavaliers,E,ambiguous,4/4,1,1
0403,I Never Loved A Man,Aretha Franklin,F,major,3/4,1,1
0404,He's A Rebel,The Crystals,F,major,4/4,1,1
0406,Amie,Pure Prairie League,A,major,4/4,1,1
0818,Blue Jean,David Bowie,D,ambiguous,4/4,1,1
0361,This Song,George Harrison,E,major,4/4,1,1
0360,I Want To Take You Higher,Ike & Tina Turner,Ab,minor,4/4,1,1
0814,Big Iron,Marty Robbins,E,major,4/4,1,1
0214,The Right Time,Ray Charles,Eb,major,4/4,1,1
0364,Evil Ways,Santana,G,minor,4/4,1,1
0367,Undercover Angel,Alan O'Day,Bb,ambiguous,4/4,1,1
0366,Feelin' Stronger Every Day,Chicago,F,major,2/4,1,1
0627,Nick of Time,Bonnie Raitt,C,ambiguous,4/4,1,1
0568,Dance Away,Roxy,Eb,ambiguous,4/4,1,1
0567,The Look,Roxette,A,major,4/4,1,1
0565,Judy,Elvis Presley,G,major,4/4,1,1
0562,Fool That I Am,Etta James,Db,major,4/4,1,1
0561,Boulevard,Jackson Browne,A,major,4/4,1,1
0560,Cecilia,Simon & Garfunkel,B,ambiguous,4/4,1,1
0387,Time Is On My Side,Rolling Stones,F,major,12/8,1,1
0229,Honky Tonk Women,The Rolling Stones,G,ambiguous,4/4,1,1
0385,Hold On,Wilson Phillips,F,major,4/4,1,1
0384,If you love somebody set them free,Sting,D,minor,4/4,1,1
0383,Sunshine Superman ,Donovan,Db,ambiguous,4/4,1,1
0099,A Trick Of The Night,Bananarama,C,minor,4/4,1,1
0381,Hocus Pocus,Focus,A,minor,4/4,1,1
0380,Best Thing That Ever Happened To Me,Gladys Knight & The Pips,A,major,4/4,1,1
0220,Ramblin' Rose,Nat King Cole,A,major,4/4,1,1
0221,Feel Like Making Love,Roberta Flack,Eb,major,4/4,1,1
0222,For Ol' Times Sake,Elvis Presley,Bb,major,4/4,1,1
0623,It's Only Make Believe,Glen Campbell,C,major,4/4,1,1
1133,Cruisin',Smokey Robinson,E,major,4/4,1,1
0389,Tenderness,General Public,C,major,4/4,1,1
0227,Promises In The Dark,Pat Benatar,F,major,4/4,1,1
1007,Unchained Melody,The Righteous Brothers,C,major,12/8,1,1
1043,Is There Something I Should Know,Duran Duran,D,major,4/4,0,0,0,0,0,0,0,0,0,0,0,0,0,0,0,0,0,0,0,0,0,0,0,0,0,0,0,0,0,0,0,0,0,0,0,0,0,0,0,0,0,0,0,0,0,0,0,0,0,0,0,0,0,0,0,0,0,0,0,0,0,0,0,0,0,0,0,0,0,0,0,0,0,0,0,0,0,0,0,0,0,0,0,0,0,0,0,0,0,0,0,0,0,0,0,0,0,0,0,0,0,0,0,0,0,0,0,0,0,0,0,0,0,0,0,0,0,0,0,0,0,0,0,0,0,0,0,0,0,0,0,0,0,0,0,0,0,0,0,0,0,0,0,0,0,0,0,0,0,0,0,0,0,0,0,0,0,0,0,0,0,0,0,0,0,0,0,0,0,0,0,0,0,0,0,0,0,0
1042,Oh Me Oh My (I'm A Fool For You Baby),Aretha Franklin,Bb,major,4/4,1,1
1041,It Keeps Right On A-Hurtin',Johnny Tillotson,A,major,4/4,1,1
1040,Lay Down Sally,Eric Clapton,A,major,4/4,1,1
1046,Jamie,Eddie Holland,Eb,major,4/4,1,1
1045,Count On Me,Jefferson Starship,A,major,4/4,1,1
1044,I've Passed This Way Before,Jimmy Ruffin,Bb,major,2/4,1,1
1048,Hooked On A Feeling,B.J. Thomas,A,major,4/4,1,1
0629,Beat It,Michael Jackson,Eb,major,4/4,1,1
0709,Caught Up In The Rapture,Anita Baker,D,minor,4/4,1,1
0708,Sara Smile,Daryl Hall & John Oates,D,minor,4/4,1,1
0318,Wheels ,The String-A-Longs,F,major,4/4,1,1
0319,I Want You,Marvin Gaye,C#,minor,4/4,1,1
0314,I Got You (I Feel Good),James Brown,D,ambiguous,4/4,1,1
0315,Come And Get Your Love,Redbone,D,major,4/4,1,1
0701,White Wedding,Billy Idol,B,minor,4/4,1,1
0317,Dream Police,Cheap Trick ,E,major,4/4,1,1
0310,The Other Guy,Little River Band,F,major,4/4,1,1
0706,Living In The Past,Jethro Tull,C,ambiguous,5/4,1,1
0312,Daydream Believer,Anne Murray,Bb,major,4/4,1,1
1142,Hard Days Night,The Beatles,G,ambiguous,4/4,1,1
1143,I Love A Rainy Night,Eddie Rabbitt,C,major,4/4,1,1
1269,Who Wears These Shoes,Elton John,B,minor,4/4,1,1
1141,Talk Back Trembling Lips,Johnny Tillotson,A,major,4/4,1,1
0130,Tumbling Dice,The Rolling Stones,B,major,4/4,1,1
1147,A Cowboy's Work Is Never Done,Sonny & Cher,C,ambiguous,4/4,1,1
1145,Tell Me What You Want Me To Do,Tevin Campbell,Db,major,4/4,1,1
1263,Baby What You Want Me To Do,Jimmy Reed,E,ambiguous,4/4,1,1
0034,Yvonne Elliman,If I Can't Have You,C,major,4/4,1,1
1148,I Don t Want Your Love,Duran Duran,D,minor,4/4,1,1
1149,Going To Chicago Blues,Count Basie,Eb,major,4/4,1,1
1267,"Rock and Roll, Hoochie Koo",Rick Derringer,A,minor,4/4,1,1
0139,The Way You Do The Things You Do,UB40,Ab,major,4/4,1,1
1265,If I Were A Carpenter,Bobby Darin,D,major,4/4,1,1
0410,Jimmy's Girl,Johnny Tillotson,Db,major,4/4,1,1
0238,You Decorated My Life,Kenny Rogers,G,major,4/4,1,1
0091,True,Spandau Ballet,G,major,4/4,1,1
0755,Smokin' In The Boys Room,Brownsville station,D,ambiguous,4/4,1,1
0141,Shock the Monkey,Peter Gabriel,D,minor,4/4,1,1
0636,After the Lovin',Engelbert Humperdinck,C,major,6/8,1,1
0635,Little Old Lady From Pasadena,Jan & Dean,Eb,major,4/4,1,1
0757,World In My Eyes,Depeche Mode,Eb,minor,4/4,1,1
0633,Maneater,Daryl Hall & John Oates,B,minor,4/4,1,1
0631,If You really love me,Stevie Wonder,F,major,4/4,1,1
0149,Just When I Needed You Most,Randy Vanwarmer,A,major,4/4,1,1
1018,In The Midnight Hour ,Wilson Pickett,E,minor,4/4,1,1
1019,The Arms Of Orion,Prince & Sheena Easton,D,ambiguous,6/8,1,1
0217,Jessie's Girl,Rick Springfield,D,major,4/4,1,1
0647,Caught Up In The Rapture,Anita Baker,D,minor,4/4,1,1
1014,Play That Funky Music,Wild Cherry,E,ambiguous,4/4,1,1
0645,(Sittin' On) The Dock Of The Bay,Otis Redding,G,major,4/4,1,1
1016,Disco Inferno,The Trammps,C,ambiguous,4/4,1,1
0039,It's Only Rock and Roll (But I Like It) ,Rolling Stones,E,major,4/4,1,1
0643,The People In Me,The Music Machine,Ab,major,4/4,1,1
1136,Get Together,The Youngbloods,A,ambiguous,4/4,1,1
0640,Think,James Brown,Eb,minor,4/4,1,1
1011,I Drove All Night,Cyndi Lauper,Ab,major,4/4,1,1
1006,Three Hearts In A Tangle,Roy Drusky,Db,major,3/4,1,1
1012,All This Time,Sting,G,major,4/4,1,1
1013,Time Will Reveal,Debarge,C,ambiguous,4/4,1,1
0637,Human Nature,Michael Jackson,D,major,4/4,1,1
0853,I Saw Her Standing There,The Beatles,E,ambiguous,4/4,1,1
0852,Bad Moon Rising,Creedence Clearwater Revival,D,major,4/4,1,1
0850,Jump (for My Love),The Pointer Sisters,A,major,4/4,1,1
0857,Get Up (I Feel Like Being Like A) Sex Machine (Part 1),James Brown,Eb,ambiguous,4/4,1,1
0856,I Like The Way (The Kissing Game) ,Hi-Five,Bb,minor,4/4,1,1
0859,Make A Little Magic,Nitty Gritty Dirt Band,F,major,4/4,1,1
0649,Stoned Love,The Supremes,D,ambiguous,4/4,1,1
0522,Young Hearts Run Free,Candi Staton,Eb,ambiguous,4/4,1,1
0521,The Humpty Dance ,Digital Underground ,Eb,major,4/4,1,1
0526,Love Comes Quickly,Pet Shop Boys,B,minor,4/4,1,1
0525,Trampled Under Foot,Led Zeppelin,G,minor,4/4,1,1
0524,Private Dancer,Tina Turner,G,major,4/4,1,1
0913,Girl You Know It s True,Milli Vanilli,Bb,ambiguous,4/4,1,1
0910,Time For Me To Fly,REO Speedwagon,D,major,4/4,1,1
0911,Hold On,Wilson Phillips,F,major,4/4,1,1
0916,Promises,Eric Clapton,G,major,4/4,1,1
0917,A Love Song,Anne Murray,G,major,4/4,0,0,0,0,0,0,0,0,0,0,0,0,0,0,0,0,0,0,0,0,0,0,0,0,0,0,0,0,0,0,0,0,0,0,0,0,0,0,0,0,0,0,0,0,0,0,0,0,0,0,0,0,0,0,0,0,0,0,0,0,0,0,0,0,0,0,0,0,0,0,0,0,0,0,0,0,0,0,0,0,0,0,0,0,0,0,0,0,0,0,0,0,0,0,0,0,0,0,0,0,0,0,0,0,0,0,0,0,0,0,0,0,0,0,0,0,0,0,0,0,0,0,0,0,0,0,0,0,0,0,0,0,0,0,0,0,0,0,0,0
0914,If Not You,Dr. Hook,D,major,4/4,1,1
0915,Sweet Caroline (Good Times Never Seemed So Good),Bobby Womack,E,major,4/4,1,1
0768,That Girl,Stevie Wonder,Ab,minor,4/4,1,1
0203,"Wonderful World, Beautiful People",Jimmy Cliff,D,major,4/4,1,1
0746,That Old Black Magic,Louis Prima & Keely Smith,C,major,4/4,1,1
0351,Roll On Down The Highway,Bachman-Turner Overdrive,D,minor,4/4,1,1
0352,Good Vibrations,Marky Mark & The Funky Bunch,Ab,minor,4/4,1,1
0353,I Can't Drive 55,Sammy Hagar,E,ambiguous,4/4,1,1
0354,Philadelphia Freedom,Elton John,Bb,major,4/4,1,1
0355,"I Rise, I Fall",Johnny Tillotson,E,major,4/4,1,1
0356,Dum Dum,Brenda Lee,Db,major,4/4,1,1
0291,The Way You Do The Things You Do,Rita Coolidge,E,major,4/4,1,1
0290,Long Dark Road,The Hollies,E,major,4/4,1,1
0293,Every Little Thing She Does Is Magic,The Police,D,ambiguous,4/4,1,1
0292,Chicago,25 or 6 to 4,A,minor,4/4,1,1
0295,Just The Way You Are,Billy Joel,D,major,4/4,1,1
0294,Mr. Bojangles,Jerry Jeff Walker,D,major,3/4,1,1
0297,That's the Way I Feel About Cha,Bobby Womack,D,major,4/4,1,1
0296,Lyin' Eyes,Eagles,G,major,4/4,1,1
0596,Letter Full of Tears,Gladys Knight & The Pips,E,major,4/4,1,1
0597,Time Is On My Side,Rolling Stones,F,major,12/8,1,1
0594,Situation,Yaz,C#,minor,4/4,1,1
0592,All she wants is,Duran Duran,D,ambiguous,4/4,1,1
0988,If,Bread,A,major,4/4,1,1
0590,Talk to me,Chico DeBarge,Ab,major,4/4,1,1
0458,Addicted to Love,Robert Palmer,A,ambiguous,4/4,1,1
0985,Dancing Machine,The Jacksons,Ab,minor,4/4,1,1
0456,With a Little Luck,Paul McCartney,E,major,4/4,1,1
0987,Baby I'm Burnin',Dolly Parton,B,major,4/4,1,1
0986,You Make Me Feel Like Dancing,Leo Sayer,E,major,4/4,1,1
0981,Venus,Bananarama,E,ambiguous,4/4,1,1
0452,Don't Say You Love Me,Billy Squier,F#,ambiguous,4/4,1,1
0451,Got It Made,Crosby Stills and Nash,C,major,4/4,1,1
0450,Jessie's Girl,Rick Springfield,D,major,4/4,1,1
0179,You Can't Judge A Book By The Cover,Bo Diddley,Ab,major,4/4,1,1
0275,Promises In The Dark,Pat Benatar,F,major,4/4,1,1
0659,Harden My Heart,Quarterflash,B,minor,4/4,1,1
0271,Addicted to Love,Robert Palmer,A,ambiguous,4/4,1,1
0270,In My Room,The Beach Boys,B,major,4/4,1,1
0170,Golden Earring,Twilight Zone,B,minor,4/4,1,1
0172,If you need me,Solomon Burke ,A,major,4/4,1,1
0015,Last Child,Aerosmith,Eb,minor,4/4,1,1
0279,Born To Be Alive,Patrick Hernandez,D,ambiguous,4/4,1,1
0278,Waiting On A Friend,Rolling Stones,C,major,4/4,1,1
0037,Foggy Mountain Breakdown,Flatt & Scruggs,Ab,major,4/4,1,1
1208,Even Now,Bob Seger,E,major,4/4,1,1
0185,Just A Dream,Jimmy Clanton,G,major,12/8,1,1
0184,Always on My Mind,Pet Shop Boys,G,ambiguous,4/4,1,1
0187,Help Is On The Way,Little River Band,B,major,4/4,1,1
0181,Naked Eyes,Always Something There to Remind Me,D,major,4/4,1,1
0180,Gordon Lightfoot,Beautiful ,B,minor,4/4,1,1
0183,Chiquitita,ABBA,A,major,4/4,0,0,0,0,0,0,0,0,0,0,0,0,0,0,0,0,0,0,0,0,0,0,0,0,0,0,0,0,0,0,0,0,0,0,0,0,0,0,0,0,0,0,0,0,0,0,0,0,0,0,0,0,0,0,0,0,0,0,0,0,0,0,0,0,0,0,0,0,0,0,1,0,0,0,0,0,0,0,0,0,0,0,0,0,0,0,0,0,0,0,0,0,0,0,0,0,0,0,0,0,0,0,0,0,0,0,0,0,0,0,0,0,0,0,0,0,0,0,0,0,0,0,0,0,0,0,0,0,0,0,0,0,0,0,0,0,0,0,0,0,0,0,0,0,0
0182,Annie's Song,John Denver,D,major,3/4,1,1
0010,An Innocent Man,Billy Joel,C,major,4/4,1,1
0188,I Want You To Want Me,Cheap Trick,A,major,4/4,0,0,0,0,0,0,0,0,0,0,0,0,0,0,0,0,0,0,0,0,0,0,0,0,0,0,0,0,0,0,0,0,0,0,0,0,0,0,0,0,0,0,0,0,0,0,0,0,0,0,0,0,0,0,0,0,0,0,0,0,0,0,0,0,0,0,0,0,0,0,0,0,0,0,0,0,0,0,0,0,0,0,0,0,0,0,0,0,0,0,0,0,0,0,0,0,0,0,0,0,0,0,0,0,0,0,0,0,0,0,0,0,0,0,0,0,0,0,0,0,0,0,0,0,0,0,0,0,0,0,0,0,0,0,0,0,0,0,0,0,0,0,0,0,0,0,0,0,0,0,0,0,0,0,0,0,0,0,0,0,0,0,0,0,0,0,0,0,0,0,0,0,0,0,0,0,0,0,0,0,0,0,0,0,0,0,0,0,0,0,0,0,0,0,0,0,0,0,0,0,0,0,0,0,0,0,0,0,0,0,0,0,0,0,0,0,0,0,0,0,0,0,0,0,0,0,0,0,0,0,0,0,0,0,0,0,0,0,0,0,0,0,0,0,0,0,0,0,0,0,0,0,0,0,0,0,0,0,0,0,0,0,0,0,0,0,0,0,0,0,0,0,0,0,0,0,0,0,0,0,0,0,0,0,0,0,0,0,0,0,0,0,0,0,0,0,0,0,0,0,0,0,0,0,0,0,0,0,0,0,0,0,0,0,0,0,0,0,0,0,0,0,0,0,0,0,0,0,0,0,0,0,0,0,0,0
0772,Press,Paul McCartney,C,major,4/4,1,1
0773,I Want To Walk You Home,Fats Domino,Db,major,12/8,1,1
0770,Hair,The Cowsills,C,minor,4/4,1,1
0678,Chained And Bound,Otis Redding,Bb,major,4/4,1,1
0776,Along Comes A Woman,Chicago,D,ambiguous,4/4,1,1
0777,Rescue Me,Fontella Bass,A,major,4/4,1,1
0775,Walking In Memphis,Marc Cohn,C,major,4/4,1,1
0133,Detroit City,Bobby Bare,E,major,4/4,1,1
0672,Baby Workout,Jackie Wilson,F,minor,4/4,1,1
0671,Heaven's Just A Sin Away,The Kendalls,F#,major,4/4,1,1
0779,A Very Special Love Song,Charlie Rich,C,major,4/4,1,1
0677,Don't Knock My Love - Pt. 1,Wilson Pickett,D,ambiguous,4/4,1,1
1037,Town Without,Gene Pitney,B,minor,12/8,1,1
0675,With A Little Help From My Friends,Joe Cocker,E,major,4/4,1,1
0674,Sugar Shack,The Fireballs,G,major,4/4,1,1
1212,Baby Don't Go,Sonny & Cher,C,major,4/4,1,1
1213,I Don't Want To Spoil The Party,The Beatles,G,major,4/4,1,1
1210,Lovers Who Wander,Dion,C,major,4/4,1,1
1211,You Don't Own Me,Lesley Gore,G,minor,4/4,1,1
1217,Last Dance,Donna Summer,Eb,major,4/4,1,1
0003,I Don't mind,James Brown,C,major,6/8,1,1
1168,Ode To Billie Joe,Bobbie Gentry,D,ambiguous,4/4,1,1
1218,Behind Closed Doors,Charlie Rich,Gb,major,4/4,1,1
1200,Echoes Of Love,The Doobie Brothers,A,major,2/4,1,1
0019,Here's Some Love,Tanya Tucker,Db,major,4/4,1,1
1169,"Right Here, Right Now",Jesus Jones,D,major,4/4,1,1
0669,You Can't Roller Skate In A Buffalo Herd,Roger Miller,G,major,4/4,1,1
1273,We Don't Talk Anymore,Cliff Richard,C,major,4/4,1,1
1051,My Kinda Lover,Billy Squier,C,major,4/4,1,1
1039,Girl I m Gonna Miss You,Milli Vanilli,A,ambiguous,4/4,1,1
0030,Indiana Wants Me,R Dean Tayloy,Ab,major,4/4,1,1
1106,Bust A Move,Young MC,E,ambiguous,4/4,1,1
1107,"Ob-La-Di, Ob-La-Da",The Beatles',Bb,major,4/4,1,1
0073,Crazy On You,Heart,A,minor,4/4,0,0,0,0,0,0,0,0,0,0,0,0,0,0,0,0,0,0,0,0,0,0,0,0,0,0,0,0,0,0,0,0,0,0,0,0,0,0,0,0,0,0,0,0,0,0,0,0,0,0,0,0,0,0,0,0,0,0,0,0,0,0,0,0,0,0,0,0,0,0,0,0,0,0,0,0,0,0,0,0,0,0,0,0,0,0,0,0,0,0,0,0,0,0,0,0,0,0,0,0,0,0,0,0,0,0,0,0,0,0,0,0,0,0,0,0,0,0,0,0,0,0,0,0,0,0,0,0,0,0,0,0,0,0,0,0,0,0,0,0,0,0,0,0,0,0,0,0,0,0,0,0,0,0,0,0,0,0,0,0,0,0,0,0,0,0,0,0,0,0,0,0,0,0,0,0,0,0,0,0,0,0,0,0,0,0,0,0,0,0,0,0,0,0,0,0,0,0,0,0,0,0,0,0,0,0,0,0,0,0,0,0,0,0,0,0,0,0,0,0,0,0,0,0,0,0,0,0,0,0,0,0,0,0,0,0,0,0,0,0,0,0,0,0,0,0,0,0,0,0,0,0
0196,Love Me Warm And Tender,Paul Anka,D,major,4/4,1,1
0075,Drivin' Wheel,Foghat,D,major,4/4,1,1
1103,The Twist,Chubby Checker,E,major,4/4,1,1
1100,If I Could Build My Whole World Around You,Marvin Gaye & Tammy Terrell,Db,major,4/4,1,1
1101,(I was) Born To Cry,Dion,A,minor,4/4,1,1
0079,Cold Sweat - Part 1,James Brown,D,minor,4/4,1,1
0078,Dial My Heart,The Boys,A,ambiguous,4/4,1,1
1109,It Takes Two ,Rob Base,G,minor,4/4,1,1
0127,Stop the Wedding,Etta James,Bb,major,12/8,1,1
0126,Willie Nelson,Blue Eyes Cryin' ,E,major,4/4,1,1
0124,Promises,Eric Clapton,G,major,4/4,1,1
0958,Miss You,The Rolling Stones,A,minor,4/4,1,1
0956,Eye In The Sky,The Allan Parsons Project,B,minor,4/4,1,1
0954,I Cried A Tear,LaVern Baker,A,major,12/8,1,1
0952,Feelin' Satisfied,Boston,E,major,4/4,1,1
0950,All I Ever Need Is You,Sonny & Cher,Bb,major,4/4,1,1
0122,Have You Ever Loved Somebody,Freddie Jackson,E,ambiguous,4/4,1,1
0722,Where Are You,Dinah Washington,Eb,major,4/4,1,1
0120,Be My Baby,The Ronettes,E,major,4/4,1,1
0040,The Power,Snap,B,ambiguous,4/4,1,1
0041,Absolutely Right,Five Man Electrical Band,A,major,4/4,1,1
0747,Baby Can I Hold You ,Tracy Chapman,D,major,4/4,1,1
0369,Kind Of A Drag,The Buckinghams,G,major,4/4,1,1
1098,Private Dancer,Tina Turner,G,major,4/4,1,1
1087,There But For Fortune,Joan Baez,Bb,ambiguous,4/4,1,1
0591,The Long Run,Eagles,C,major,4/4,1,1
1099,Where Are You,Dinah Washington,Eb,major,4/4,1,1
0783,Hot Child in the City,Nick Gilder,E,major,4/4,1,1
0457,Not Fade Away,Rolling Stones,E,ambiguous,4/4,1,1
0781,On Broadway,The Drifters,F#,ambiguous,4/4,1,1
0780,Time Is On My Side,Rolling Stones,F,major,12/8,1,1
0787,The Ways Of A Woman In Love,Johnny Cash,Bb,major,4/4,0,0,0,0,0,0,0,0,0,0,0,0,0,0,0,0,0,0,0,0,0,0,0,0,0,0,0,0,0,0,0,0,0,0,0,0,0,0,0,0,0,0,0,0,0,0,0,0,0,0,0,0,0,0,0,0,0,0,0,0,0,0,0,0,0,0,0,0,0,0,0,0,0,0,0,0,0,0,0,0,0,0,0,0,0,0,0,0,0,0,0,0,0,0,0,0,0,0,0,0,0,0,0,0,0,0,0,0,0,0,0,0,0,0,0,0,0,0,0,0,0,0,0,0,0,0,0,0,0,0,0,0,0,0,0,0,0,0,0,0,0,0,0,0,0,0,0,0,0,0,0,0,0,0,0,0,0,0,0,0,0,0,0,0,0,0,0,0,0,0,0,0,0,0,0,0,0,0,0,0,0,0,0,0,0,0,0,0,0,0,0,0,0,0,0,0
0046,I'll Take You There,The Staple Singers,C,major,4/4,1,1
0785,Soul And Inspiration,The Righteous Brothers,A,major,4/4,1,1
0984,Hello Stranger,Barbara Lewis,C,major,4/4,1,1
0789,Hey Baby,Bruce Channel,A,major,4/4,1,1
0788,Last Date,Floyd Cramer,C,major,4/4,1,1
0455,Walk On The Wild Side (Part 1),Jimmy Smith,F,ambiguous,12/8,1,1
0412,Sunday Morning Sunshine,Harry Chapin,E,major,4/4,1,1
0828,Journey To The Center Of The Mind,The Amboy Dukes,A,minor,4/4,1,1
0454,Feel Like Making Love,Roberta Flack,Eb,major,4/4,1,1
0417,"(You're So Square) Baby, I Don't Care",Joni Mitchell,G,ambiguous,4/4,1,1
0819,Mercy Mercy Me (The Ecology) ,Marvin Gaye,E,major,4/4,1,1
0415,Golden Years,David Bowie,Gb,ambiguous,4/4,1,1
0414,Someone ,The Rembrandts,B,ambiguous,4/4,1,1
0822,I Cried A Tear,LaVern Baker,A,major,12/8,1,1
0823,Lovely Day ,Bill Withers,E,ambiguous,4/4,1,1
0419,Blow Away,George Harrison,D,major,4/4,1,1
0821,Just Like Jesse James,Cher,Ab,major,4/4,1,1
0827,Just A Friend,Biz Markie,C,major,4/4,1,1
0824,50 Ways To Leave Your Lover,Paul Simon,E,ambiguous,4/4,1,1
0559,Baby I'm Burnin',Dolly Parton,B,major,4/4,1,1
0598,Wish Someone Would Care,Irma Thomas,D,major,4/4,1,1
0816,Where Or When,Dion,Ab,major,4/4,1,1
0552,Born To Be Alive,Patrick Hernandez,D,ambiguous,4/4,1,1
0553,Maniac,Michael Sembello,Eb,ambiguous,4/4,1,1
0550,Shake Your Groove Thing,Peaches and Herb,A,major,4/4,1,1
0359,Just Like Heaven,The Cure,A,ambiguous,4/4,1,1
0648,What Have I Done To Deserve This?,Pet Shop Boys ,C,ambiguous,6/4,1,1
0554,Walk Right In,The Moments,A,major,4/4,1,1
0555,Surrender,Cheap Trick,Bb,ambiguous,4/4,1,1
0239,Sail On Sailor,The Beach Boys,G,major,4/4,1,1
0362,Last Kiss,Wednesday,E,major,4/4,1,1
0982,Unforgettable,Natalie Cole,Bb,major,4/4,1,1
0276,Patches,Clarence Carter,B,major,4/4,1,1
0813,California Nights,Leslie Gore,C,minor,4/4,1,1
0231,"Knowing Me, Knowing You",ABBA,D,major,4/4,1,1
0236,"Tonight, Tonight, Tonight",Genesis,D,ambiguous,4/4,1,1
0235,Back Home Again,John Denver,E,major,4/4,1,1
0234,Life Is A Carnival,The Band,E,major,4/4,1,1
0748,Crying Time,Ray Charles,Ab,major,4/4,1,1
0811,Let's Get Serious,Jermaine Jackson,Bb,minor,4/4,1,1
0810,Unskinny Bop,Poison,Ab,ambiguous,4/4,1,1
0736,Do I Do,Stevie Wonder,B,major,4/4,1,1
0737,Shadow Dancing,Andy Gibb,G,minor,2/4,1,1
0734,I Will,Dean Martin,D,major,4/4,1,1
0735,Getaway,Earth Wind and Fire,F,minor,4/4,1,1
0733,Bird Dog,The Everly Brothers,B,major,4/4,1,1
1078,There'll Never Be,Switch,G,major,4/4,1,1
0731,Lucille,Kenny Rogers,Bb,major,3/4,1,1
1076,Can We Still Be Friends,Todd Rundgren,C#,minor,4/4,1,1
1072,Be My Guest,Fats Domino,Bb,major,4/4,1,1
1073,Devil Woman ,Cliff Richard,D,minor,4/4,1,1
1070,Every Time I Think Of You,The Babys,G,major,4/4,1,1
1071,Rock And Roll Never Forgets,Bob Seger,E,major,4/4,1,1
0528,Crystal Blue Persuasion,Tommy James,A,ambiguous,4/4,1,1
0309,All Through The Night,Cyndi Lauper,Ab,major,4/4,1,1
0308,You Can't Roller Skate In A Buffalo Herd,Roger Miller,G,major,4/4,1,1
0307,Cruisin',Smokey Robinson,E,major,4/4,1,1
0306,In The Navy,Village People ,G,ambiguous,4/4,1,1
1120,Big Iron,Marty Robbins,E,major,4/4,1,1
0304,The Humpty Dance ,Digital Underground ,Eb,major,4/4,1,1
0303,Break It To Me Gently ,Juice Newton,E,major,12/8,1,1
0302,Do You Want To Know A Secret,The Beatles,E,ambiguous,4/4,1,1
0300,Here I Go Again,Whitesnake,G,major,4/4,1,1
1094,There's No Other (Like My Baby),The Crystals,D,major,12/8,1,1
0049,People,Barbara Streisand,A,major,4/4,1,1
1096,Look-Ka Py Py,The Meters,G,ambiguous,4/4,1,1
1097,After The Love Has Gone,"Earth, Wind & Fire",F,major,4/4,1,1
0123,Silent Night,Bing Crosby,Ab,major,3/4,1,1
1091,He's A Rebel,The Crystals,F,major,4/4,1,1
1093,I Can Help,Billy Swan,C,ambiguous,12/8,0,0,0,0,0,0,0,0,0,0,0,0,0,0,0,0,0,0,0,0,0,0,0,0,0,0,0,0,0,0,0,0,0,0,0,0,0,0,0,0,0,0,0,0,0,0,0,0,0,0,0,0,0,0,0,0,0,0,0,0,0,0,0,0,0,0,0,0,0,0,0,0,0,0,0,0,0,0,0,0,0,0,0,0,0,0,0,0,0,0,0,0,0,0,0,0,0,0,0,0,0,0,0,0,0,0,0,0,0,0,0,0,0,0,0,0,0,0,0,0,0,0,0,0,0,0,0,0,0,0,0,0,0,0,0,0,0,0,0,0,0,0,0,0,0,0,0,0,0,0,0,0,0,0,0,0,0,0,0,0,0,0,0,0,0,0,0,0,0,0,0,0,0,0,0,0,0,0
1155,Running On Empty ,Jackson Browne,A,major,4/4,1,1
1154,Think Of Me,Buck Owens,B,major,4/4,1,1
1157,Easy,The Commodores,Ab,major,4/4,1,1
0043,Two Hearts,Phil Collins,G,major,4/4,1,1
1151,Soul And Inspiration,The Righteous Brothers,A,major,4/4,1,1
1150,Rock This Town,Stray Cats,D,major,4/4,1,1
1153,The Sounds Of Silence,Simon & Garfunkel,Cb,major,4/4,1,1
1152,Love Came To Me,Dion,G,major,4/4,1,1
1119,Will The Wolf Survive,Los Lobos,G,major,4/4,1,1
0358,Superman,Donna Fargo,B,major,4/4,1,1
0176,Chicago,25 or 6 to 4,A,minor,4/4,1,1
0085,I Just Can't Stop Loving You,Michael Jackson,C,minor,4/4,1,1
1121,A Hazy Shade Of Winter,Simon And Garfunel,D,minor,4/4,1,1
1031,We Don t Need Another Hero (Thunderdome),Tina Turner,B,major,4/4,1,1
0177,I've Got Love On My Mind,Nathalie Cole,Db,minor,4/4,1,1
0086,Space Oddity,David Bowie,E,minor,4/4,1,1
0970,Modern Love,David Bowie,C,ambiguous,4/4,1,1
0638,Out Of My Mind,Johnny Tillotson,G,major,4/4,1,1
1246,Happy Man ,Greg Kihn Band,G,major,4/4,1,1
0928,Mony Mony,Tommy James,A,ambiguous,4/4,1,1
0684,Feelin' Stronger Every Day,Chicago,F,major,2/4,1,1
0081,You Can Call Me Al,Paul Simon,F,major,4/4,1,1
0741,Love Is A Battlefield,Pat Benatar,D,ambiguous,4/4,1,1
0600,"Tarzan Boy (From ""Teenage Mutant Ninja Turtles III"")",Baltimora,F,major,4/4,1,1
0601,I Can Help,Billy Swan,C,ambiguous,12/8,0,0,0,0,0,0,0,0,0,0,0,0,0,0,0,0,0,0,0,0,0,0,0,0,0,0,0,0,0,0,0,0,0,0,0,0,0,0,0,0,0,0,0,0,0,0,0,0,0,0,0,0,0,0,0,0,0,0,0,0,0,0,0,0,0,0,0,0,0,0,0,0,0,0,0,0,0,0,0,0,0,0,0,0,0,0,0,0,0,0,0,0,0,0,0,0,0,0,0,0,0,0,0,0,0,0,0,0,0,0,0,0,0,0,0,0,0,0,0,0,0,0,0,0,0,0,0,0,0,0,0,0,0,0,0,0,0,0,0,0,0,0,0,0,0,0,0,0,0,0,0,0,0,0,0,0,0,0,0,0,0,0,0,0,0,0,0,0,0,0,0,0,0,0,0,0,0,0
0606,I Love,Tom D Hall,E,major,4/4,1,1
0607,Everlasting Love,Carl Carlton,A,ambiguous,4/4,1,1
0926,Perfidia,The Ventures,C,major,4/4,1,1
0608,Harden My Heart,Quarterflash,B,minor,4/4,1,1
0925,The Best Disco In Town,The Ritchie Family,Ab,major,4/4,1,1
0228,Still Cruisin,The Beach Boys,F,ambiguous,4/4,1,1
0386,I Really Don't Want To Know,Elvis Presley,C,major,3/4,1,1
0740,Living Doll,Cliff Richard,A,ambiguous,4/4,1,1
1123,Lonely Weekends,Charlie Rich,F,major,4/4,1,1
0870,And She Was,Talking Heads,E,major,4/4,1,1
0382,Where The Streets Have No Names,Pet Shop Boys,Bb,major,4/4,1,1
0603,Sleep Walk,Santo & Johnny,Db,major,6/8,1,1
1256,Abacab,Genesis,C,ambiguous,4/4,1,1
1257,Lovin' You,Minnie Riperton,A,major,4/4,1,1
1034,Sugar Magnolia,The Greatful Dead,A,major,4/4,1,1
1253,All Alone Am I,Brenda Lee,F,ambiguous,6/8,1,1
1250,Baby Don't Change Your Mind,Gladys Knight & The Pips,C,major,4/4,1,1
1258,Lady,Kenny Rogers,Eb,minor,4/4,1,1
0223,Wanna Be Startin' Somethin',Michael Jackson,D,ambiguous,4/4,1,1
0224,Galveston,Glen Campbell,F,major,4/4,1,1
0259,Born To Be Alive,Patrick Hernandez,D,ambiguous,4/4,1,1
0605,The Thrill Is Gone,B.B. King,B,ambiguous,4/4,1,1
0905,Teach Your Children,"Crosby, Stills & Nash",D,major,4/4,1,1
0904,Till The End Of The Day,The Kinks,D,minor,4/4,1,1
0901,Country Road,James Taylor,D,major,4/4,1,1
0900,I Wish It Would Rain,The Temptations,Bb,major,4/4,1,1
0903,Be My Baby,The Ronettes,E,major,4/4,1,1
0902,Honey Honey,ABBA,F,major,4/4,1,1
0864,Elvira,Oak Ridge Boys,C,major,4/4,1,1
0865,Don't Talk To Strangers,Rick Springfield,E,minor,2/4,1,1
0909,Kisses On The Wind,Neneh Cherry,D,ambiguous,4/4,1,1
0863,Wheels ,The String-A-Longs,F,major,4/4,1,1
0861,You've Got Another Thing Comin',Judas Priest,F#,ambiguous,4/4,1,1
1190,Only Sixteen,Dr. Hook,F,major,4/4,1,1
0518,Suite: Judy Blue Eyes,"Crosby, Stills & Nash",E,major,4/4,1,1
0516,Those Lazy-Hazy-Crazy Days Of Summer,Nat King Cole,Bb,major,4/4,1,1
0517,Years Ago,George Harrison,D,major,4/4,1,1
0515,Fool That I Am,Etta James,Db,major,4/4,1,1
0512,Going To A Go-Go,The Rolling Stones,E,ambiguous,4/4,1,1
1126,Invisible Touch,Genesis,F,major,2/4,1,1
0511,Oh My Angel,Bertha Tillman,C,major,6/8,1,1
0407,Wild Horses,Gino Vannelli,Bb,major,4/4,1,1
0933,Eleanor Rigby,Ray Charles,E,minor,4/4,1,1
1127,One Less Bell To Answer,The 5th Dimension,D,major,4/4,1,1
0625,Higher Ground,Stevie Wonder,Eb,minor,12/8,1,1
0128,Brandy,Looking Glass,E,major,4/4,1,1
0343,If I Were Your Woman,Gladys Night & The Pips,F#,ambiguous,4/4,1,1
0341,Easy,The Commodores,Ab,major,4/4,1,1
0347,Sunflower,Glen Campbell,G,major,4/4,1,1
0346,Living It Down ,Freddy Fender,C,major,4/4,1,1
0345,Doo Doo Doo Doo Doo,The Rolling Stones,E,minor,4/4,1,1
1174,Happy Anniversary,Little River Band,E,minor,4/4,1,1
0349,Don t Treat Me Bad,Firehouse,Ab,major,4/4,1,1
0348,The Best,Tina Turner,F,major,4/4,1,1
0580,I Found A Love,The Falcons,G,major,12/8,1,1
0583,Amor,Ben E. King,Bb,major,4/4,1,1
0582,I Don't Blame You At All,The Miracles,Ab,major,4/4,1,1
0585,Too Weak To Fight,Clarence Carter,Db,major,4/4,1,1
0587,Unchained Melody,The Righteous Brothers,C,major,12/8,1,1
0589,Southern Cross,"Crosby, Stills & Nash",A,major,4/4,1,1
0588,We Are The Champions,Queen,F,ambiguous,4/4,1,1
0461,On Broadway,The Drifters,F#,ambiguous,4/4,1,1
0467,Little Bit O' Soul,The Music Explosion,F#,ambiguous,4/4,1,1
0464,Flesh For Fantasy,Billy Idol,B,minor,4/4,1,1
0465,Give To Live,Sammy Hagar,D,major,4/4,1,1
0242,Because I Love You,Stevie B,Db,major,4/4,1,1
0240,Just The Way You Are,Billy Joel,D,major,4/4,1,1
0168,The Animals ,San Franciscan Nights ,C,major,4/4,1,1
0246,Rhinestone Cowboy,Glen Campbell,C,major,4/4,1,1
0247,Last Kiss,J. Frank Wilson & The Cavaliers,E,ambiguous,4/4,1,1
0244,"Have You Seen Your Mother, Baby, Standing In The Shadow? ",The Rolling Stones,G,major,4/4,1,1
0245,It Amazes Me,John Denver,D,major,4/4,1,1
0619,If I Could Build My Whole World Around You,Marvin Gaye & Tammy Terrell,Db,major,4/4,1,1
0162,Sweet Nothin's,Brenda Lee,G,major,4/4,1,1
0248,I'd Love To Change The World,Ten Years After,E,minor,4/4,1,1
0160,If you need me,Solomon Burke ,A,major,4/4,1,1
0167,No Charge,Melba Montgomery,G,major,3/4,1,1
1032,Down And Out In New York City,James Brown,Db,minor,4/4,1,1
1033,Goin' Back,The Byrds,E,major,4/4,1,1
0530,This House,Tracie Spencer,F#,ambiguous,4/4,1,1
0800,Magic Man,Heart,G,ambiguous,4/4,1,1
1025,Over The Hills and Far Away,Led Zeppelin,G,major,4/4,1,1
1024,Baby What You Want Me To Do,Jimmy Reed,E,ambiguous,4/4,1,1
1027,Lucky,Greg Kihn,A,minor,4/4,1,1
0670,Silent Lucidity,Queensryche,G,major,4/4,1,1
1021,Soul Dance Number 3,Wilson Pickett,E,ambiguous,4/4,1,1
1020,Hey You! Get Off My Mountain,The Dramatics,D,major,4/4,1,1
1188,Man In The Mirror,Michael Jackson,G,major,4/4,1,1
1022,Surrender,Cheap Trick,Bb,ambiguous,4/4,1,1
1186,"Baby, Baby Don't Cry",The Miracles,F,ambiguous,4/4,1,1
1182,My World Fell Down,Sagittarius,Ab,major,4/4,1,1
1183,Private Dancer,Tina Turner,G,major,4/4,1,1
1180,Lucky Man,"Emerson, Lake & Palmer",G,major,4/4,1,1
1181,Kicks,Paul Revere & The Raiders,F,minor,4/4,1,1
0884,One,Metallica,B,minor,4/4,1,1
0885,The Way You Do The Things You Do,UB40,Ab,major,4/4,1,1
0886,Dance Hall Days,Wang Chung,C,major,4/4,1,1
0887,Me Myself And I,De La Soul,A,ambiguous,4/4,1,1
0769,All Through The Night,Cyndi Lauper,Ab,major,4/4,1,1
0881,Don't stand so close to me,Police,Eb,major,4/4,1,1
0882,Somebody s Watching Me,Rockwell,C#,ambiguous,4/4,1,1
0765,Too Weak To Fight,Clarence Carter,Db,major,4/4,1,1
0767,The Night Chicago Died,Paper Lace,C,ambiguous,4/4,1,1
0766,Ask Me,Elvis Presley,D,major,12/8,1,1
0888,Baby Don't Change Your Mind,Gladys Knight & The Pips,C,major,4/4,1,1
0889,Don t You Know What The Night Can Do,Steve Winwood,A,minor,4/4,1,1
0762,Walk Like A Man,Grand Funk Railroad,E,major,4/4,1,1
1164,Ten Percent,Double Exposure,C,ambiguous,4/4,1,1
0004,You've got a Friend,Roberta Flack and Donny Hathaway,Ab,major,4/4,1,1
1166,I Cried A Tear,LaVern Baker,A,major,12/8,1,1
1167,Rebel Yell,Billy Idol,B,minor,4/4,1,1
1160,I Got Stripes,Johnny Cash,Db,major,4/4,1,1
1161,Daddy's Home,Cliff Richard,E,major,4/4,1,1
1162,Cruisin',Smokey Robinson,E,major,4/4,1,1
1163,My Love,Paul McCartney & Wings,F,major,6/4,1,1
1204,Heartbreaker,Pat Benatar,F,minor,4/4,1,1
0621,Ghostbusters Theme,Ray Parker Jr,B,ambiguous,4/4,1,1
1201,Three Times A Lady,The Commodores,Ab,ambiguous,3/4,1,1
0006,The Rose,Bette Midler,C,ambiguous,4/4,1,1
1203,Island Of Lost Souls,Blondie,D,major,4/4,1,1
0018,Kiss On My List,Hall & Oates,C,major,4/4,1,1
0793,My Way ,Elvis Presley,C,major,4/4,1,1
0072,Get Together,The Youngbloods,A,ambiguous,4/4,1,1
1111,Land Of 1000 Dances,Chris Kenner,Eb,major,4/4,1,1
1110,Reelin' & Rockin',Chuck Berry,G,ambiguous,4/4,1,1
1113,Lonely Weekends,Charlie Rich,F,major,4/4,1,1
1112,Never Knew Love Like This Before,Stephanie Mills,B,major,4/4,1,1
0088,Buy For Me The Rain,Nitty Gritty Dirt Band,C,ambiguous,4/4,1,1
1114,Wichita Lineman,Glen Campbell,F,major,4/4,1,1
1117,If I Could Build My Whole World Around You,Marvin Gaye & Tammy Terrell,Db,major,4/4,1,1
1116,Ebony Eyes,The Everly Brothers,E,major,3/4,1,1
1292,He's So Fine,The Chiffons,G,major,4/4,1,1
1118,Funny Girl,Barbra Streisand,Eb,major,7/4,1,1
1290,Happy Together,The Turtles,F#,minor,4/4,1,1
1296,White Wedding,Billy Idol,B,minor,4/4,1,1
1297,Ebony Eyes,The Everly Brothers,E,major,3/4,1,1
0083,Red Red Wine,UB40,Db,major,4/4,1,1
1102,Rock This Town,Stray Cats,D,major,4/4,1,1
0948,The Twist,Chubby Checker,E,major,4/4,1,1
0941,Like A Rock,Bob Seger,Ab,major,4/4,1,1
0940,Feel Like Making Love,Roberta Flack,Eb,major,4/4,1,1
0943,I Found A True Love,Wilson Pickett,C,major,4/4,1,1
0945,Riders On The Storm,The Doors,E,minor,4/4,1,1
0944,Starting Over Again,Dolly Parton,Bb,major,4/4,1,1
0947,Fakin it,Simon & Garfunkel,E,major,4/4,1,1
0946,I Second That Emotion,The Miracles,D,major,4/4,1,1
0700,Does Anybody Really Know What Time It Is,Chicago,G,major,4/4,1,1
0323,Dream Police,Cheap Trick ,E,major,4/4,1,1
0074,Nowhere To Run ,Martha Reeves & The Vandellas,Ab,ambiguous,4/4,1,1
0707,This Should Go On Forever,Rod Bernard,Gb,ambiguous,4/4,1,1
0322,Bird Dog,The Everly Brothers,B,major,4/4,1,1
0705,Baby Don't Change Your Mind,Gladys Knight & The Pips,C,major,4/4,1,1
1061,Best Of My Love,Eagles,C,major,4/4,1,1
